{
    "model_name": "GradientBoosting",
    "model_file": "models/gradientboosting_20250322_123140.pkl",
    "features": [
        "horizontal_distance",
        "height_difference",
        "angle_radians"
    ],
    "add_derived_features": false,
    "train_size": 16884,
    "test_size": 4221,
    "initial_params": {
        "n_estimators": 200,
        "max_depth": 7,
        "learning_rate": 0.1
    },
    "tuned_params": {
        "subsample": 0.9,
        "n_estimators": 400,
        "min_samples_split": 2,
        "max_depth": 7,
        "learning_rate": 0.07
    },
    "metrics": {
        "mse": 6.049624418169112e-05,
        "mae": 0.004940204067242392,
        "r2": 0.9999937653495806,
        "relative_error": 0.15656918678588191,
        "max_rel_error": 7.332829062852109,
        "error_percent": 97.8441127694859
    },
    "timestamp": "2025-03-22T12:31:40.707059"
}